utc_ms,lsl_ts,hr
1765773698272,837662.408948,89.000
1765773698596,837663.376731,90.000
1765773699556,837664.335343,91.000
